footlength,Heightin,Weightlbs,balloffootcircumference,EUR Size
246,61,142,222,37.78801843317972
249,64,120,225,38.24884792626728
265,68,147,237,40.706605222734254
265,66,175,240,40.706605222734254
247,63,195,217,37.94162826420891
270,67,180,229,41.474654377880185
241,65,165,232,37.0199692780338
255,66,168,234,39.1705069124424
234,59,118,208,35.944700460829495
245,63,150,221,37.634408602150536
270,69,212,245,41.474654377880185
260,66,150,235,39.93855606758833
234,65,169,218,35.944700460829495
263,66,158,240,40.39938556067588
238,64,160,225,36.55913978494624
249,66,145,234,38.24884792626728
257,65,137,237,39.47772657450077
256,67,130,215,39.324116743471585
253,66,160,232,38.863287250384026
235,64,130,213,36.09831029185868
233,60,172,231,35.79109062980031
250,66,165,217,38.40245775729647
231,64,110,220,35.483870967741936
251,66,150,221,38.556067588325654
258,65,150,225,39.63133640552996
242,63,159,218,37.173579109062985
223,56,107,209,34.25499231950845
236,64,154,235,36.25192012288787
251,67,160,225,38.556067588325654
258,64,137,227,39.63133640552996
246,63,145,230,37.78801843317972
252,66,155,213,38.70967741935484
269,69,155,240,41.321044546851
245,66,185,216,37.634408602150536
246,66,200,222,37.78801843317972
238,65,134,217,36.55913978494624
251,67,127,217,38.556067588325654
234,61,120,211,35.944700460829495
237,64,166,230,36.40552995391705
249,63,175,226,38.24884792626728
248,65,180,241,38.095238095238095
259,67,155,236,39.78494623655914
247,65,164,241,37.94162826420891
255,64,163,230,39.1705069124424
250,63,175,230,38.40245775729647
250,66,170,225,38.40245775729647
244,65,155,230,37.48079877112135
252,64,153,224,38.70967741935484
257,68,145,241,39.47772657450077
257,63,103,228,39.47772657450077
244,67,150,218,37.48079877112135
256,80,270,256,39.324116743471585
269,68,196,243,41.321044546851
238,64,165,229,36.55913978494624
229,62,150,230,35.17665130568356
233,61,133,222,35.79109062980031
243,65,128,214,37.327188940092164
247,63,153,234,37.94162826420891
242,65,160,227,37.173579109062985
230,64,130,227,35.33026113671275
272,70,156,231,41.78187403993856
258,66,185,242,39.63133640552996
220,65,135,224,33.794162826420894
250,64,182,236,38.40245775729647
257,66,145,220,39.47772657450077
250,66,155,233,38.40245775729647
243,63,145,217,37.327188940092164
235,63,126,215,36.09831029185868
262,66,180,243,40.2457757296467
248,64,130,226,38.095238095238095
244,61,140,226,37.48079877112135
226,62,123,226,34.715821812596005
247,64,132,243,37.94162826420891
257,67,145,229,39.47772657450077
230,61,150,225,35.33026113671275
253,69,160,229,38.863287250384026
238,62,150,211,36.55913978494624
259,66,150,221,39.78494623655914
240,63,160,230,36.86635944700461
254,66,150,229,39.01689708141321
265,68,187,245,40.706605222734254
267,73,184,267,41.013824884792626
253,65,170,226,38.863287250384026
253,67,136,217,38.863287250384026
254,67,174,212,39.01689708141321
238,61,136,227,36.55913978494624
243,63,148,236,37.327188940092164
242,65,153,233,37.173579109062985
259,66,148,236,39.78494623655914
238,61,135,224,36.55913978494624
239,63,170,227,36.712749615975426
239,65,129,219,36.712749615975426
237,65,156,211,36.40552995391705
246,66,125,222,37.78801843317972
268,69,185,248,41.16743471582181
215,60,122,215,33.02611367127496
232,60,137,222,35.63748079877112
252,65,160,230,38.70967741935484
247,64,146,229,37.94162826420891
226,62,110,217,34.715821812596005
246,65,140,238,37.78801843317972
230,66,147,220,35.33026113671275
239,64,127,240,36.712749615975426
229,63,141,227,35.17665130568356
261,68,136,226,40.092165898617516
224,59,104,214,34.40860215053763
225,60,128,217,34.56221198156682
257,63,165,243,39.47772657450077
247,65,149,224,37.94162826420891
231,63,156,205,35.483870967741936
275,69,170,259,42.242703533026116
235,62,117,214,36.09831029185868
249,64,135,226,38.24884792626728
230,64,140,212,35.33026113671275
250,66,172,223,38.40245775729647
234,64,131,226,35.944700460829495
236,62,162,237,36.25192012288787
237,63,145,224,36.40552995391705
239,65,149,226,36.712749615975426
247,64,132,236,37.94162826420891
268,70,158,247,41.16743471582181
255,60,118,224,39.1705069124424
258,69,165,227,39.63133640552996
245,65,132,230,37.634408602150536
222,59,110,210,34.10138248847927
229,62,140,219,35.17665130568356
263,65,147,230,40.39938556067588
257,66,137,240,39.47772657450077
235,60,130,234,36.09831029185868
241,64,135,218,37.0199692780338
234,63,135,218,35.944700460829495
259,66,171,234,39.78494623655914
228,61,163,217,35.02304147465438
242,65,137,225,37.173579109062985
225,60,147,220,34.56221198156682
243,63,115,217,37.327188940092164
250,64,140,222,38.40245775729647
247,65,153,233,37.94162826420891
263,68,158,254,40.39938556067588
260,66,145,232,39.93855606758833
244,65,180,216,37.48079877112135
238,64,138,224,36.55913978494624
241,62,133,222,37.0199692780338
250,63,125,232,38.40245775729647
247,66,111,218,37.94162826420891
237,63,136,216,36.40552995391705
256,67,180,233,39.324116743471585
223,64,120,219,34.25499231950845
243,62,141,224,37.327188940092164
234,62,119,215,35.944700460829495
250,65,126,211,38.40245775729647
243,63,140,221,37.327188940092164
243,64,140,230,37.327188940092164
230,62,132,225,35.33026113671275
240,62,125,225,36.86635944700461
253,64,130,225,38.863287250384026
242,66,179,236,37.173579109062985
248,67,140,217,38.095238095238095
256,69,140,223,39.324116743471585
242,64,120,210,37.173579109062985
252,67,175,238,38.70967741935484
217,62,148,210,33.333333333333336
236,64,147,232,36.25192012288787
234,65,125,208,35.944700460829495
252,65,162,233,38.70967741935484
236,66,116,203,36.25192012288787
263,66,169,243,40.39938556067588
243,62,130,228,37.327188940092164
262,64,159,238,40.2457757296467
235,64,140,222,36.09831029185868
260,66,172,250,39.93855606758833
237,64,161,214,36.40552995391705
228,62,126,226,35.02304147465438
234,65,145,224,35.944700460829495
250,65,157,247,38.40245775729647
237,64,149,220,36.40552995391705
277,69,210,250,42.54992319508449
255,65,157,231,39.1705069124424
223,60,155,221,34.25499231950845
236,63,144,227,36.25192012288787
242,60,115,227,37.173579109062985
261,63,122,238,40.092165898617516
263,70,180,266,40.39938556067588
257,68,159,236,39.47772657450077
259,65,145,226,39.78494623655914
227,60,140,223,34.86943164362519
260,66,145,247,39.93855606758833
240,65,145,234,36.86635944700461
273,67,169,241,41.935483870967744
239,64,157,211,36.712749615975426
237,62,135,218,36.40552995391705
238,64,128,214,36.55913978494624
236,64,120,223,36.25192012288787
253,64,151,224,38.863287250384026
245,64,150,230,37.634408602150536
247,61,127,237,37.94162826420891
242,65,121,216,37.173579109062985
246,67,158,230,37.78801843317972
250,67,141,233,38.40245775729647
254,67,185,239,39.01689708141321
246,66,145,226,37.78801843317972
226,64,124,216,34.715821812596005
240,64,125,227,36.86635944700461
246,64,138,234,37.78801843317972
240,59,137,217,36.86635944700461
230,62,105,222,35.33026113671275
248,63,137,239,38.095238095238095
254,67,141,227,39.01689708141321
237,64,180,218,36.40552995391705
263,68,156,225,40.39938556067588
233,62,120,211,35.79109062980031
228,60,105,209,35.02304147465438
261,64,145,218,40.092165898617516
261,66,160,244,40.092165898617516
245,64,130,226,37.634408602150536
273,68,175,232,41.935483870967744
279,68,167,238,42.85714285714286
246,66,103,225,37.78801843317972
232,63,119,208,35.63748079877112
274,69,168,246,42.08909370199693
248,62,147,226,38.095238095238095
253,64,149,231,38.863287250384026
242,62,150,232,37.173579109062985
239,66,128,217,36.712749615975426
242,65,165,229,37.173579109062985
251,65,148,226,38.556067588325654
274,72,171,240,42.08909370199693
258,66,174,236,39.63133640552996
248,66,133,224,38.095238095238095
244,61,164,228,37.48079877112135
247,66,160,237,37.94162826420891
240,64,143,211,36.86635944700461
242,68,148,235,37.173579109062985
242,65,160,230,37.173579109062985
255,67,124,235,39.1705069124424
243,62,130,227,37.327188940092164
248,64,145,237,38.095238095238095
225,60,124,219,34.56221198156682
242,66,120,216,37.173579109062985
217,61,105,216,33.333333333333336
247,65,120,240,37.94162826420891
249,67,163,226,38.24884792626728
219,59,140,230,33.64055299539171
238,61,135,237,36.55913978494624
239,62,137,227,36.712749615975426
232,63,125,217,35.63748079877112
234,62,170,231,35.944700460829495
247,63,145,235,37.94162826420891
254,62,153,220,39.01689708141321
226,62,141,223,34.715821812596005
227,61,116,201,34.86943164362519
242,63,118,227,37.173579109062985
228,61,131,217,35.02304147465438
237,63,145,217,36.40552995391705
243,64,159,229,37.327188940092164
249,67,140,239,38.24884792626728
246,63,142,220,37.78801843317972
248,64,147,222,38.095238095238095
268,66,167,237,41.16743471582181
247,65,120,217,37.94162826420891
234,63,154,213,35.944700460829495
252,63,138,228,38.70967741935484
251,64,145,226,38.556067588325654
229,63,156,201,35.17665130568356
245,63,150,241,37.634408602150536
256,68,183,247,39.324116743471585
245,64,143,233,37.634408602150536
246,65,125,231,37.78801843317972
249,63,162,237,38.24884792626728
229,64,161,230,35.17665130568356
253,69,125,230,38.863287250384026
249,80,160,231,38.24884792626728
276,71,198,238,42.3963133640553
253,67,160,237,38.863287250384026
229,65,135,225,35.17665130568356
233,63,125,232,35.79109062980031
244,63,130,213,37.48079877112135
248,64,143,242,38.095238095238095
239,64,180,222,36.712749615975426
244,68,166,244,37.48079877112135
250,65,150,249,38.40245775729647
232,60,127,211,35.63748079877112
241,66,130,216,37.0199692780338
247,64,120,226,37.94162826420891
254,66,180,227,39.01689708141321
255,65,129,234,39.1705069124424
259,67,140,243,39.78494623655914
242,66,153,228,37.173579109062985
239,65,143,217,36.712749615975426
240,65,135,216,36.86635944700461
239,64,165,227,36.712749615975426
233,60,125,213,35.79109062980031
247,64,120,221,37.94162826420891
259,66,130,229,39.78494623655914
257,64,198,233,39.47772657450077
210,59,150,231,32.25806451612903
257,64,135,250,39.47772657450077
229,63,110,225,35.17665130568356
253,67,178,234,38.863287250384026
232,62,127,205,35.63748079877112
251,64,160,220,38.556067588325654
245,66,130,217,37.634408602150536
223,63,150,226,34.25499231950845
253,63,180,241,38.863287250384026
234,64,130,222,35.944700460829495
244,69,205,236,37.48079877112135
237,62,185,230,36.40552995391705
240,62,183,230,36.86635944700461
243,64,140,228,37.327188940092164
277,69,200,250,42.54992319508449
266,67,185,230,40.86021505376344
264,70,188,230,40.55299539170507
233,62,127,234,35.79109062980031
254,67,150,226,39.01689708141321
249,66,150,214,38.24884792626728
266,62,165,247,40.86021505376344
251,66,153,240,38.556067588325654
236,62,140,234,36.25192012288787
225,62,125,217,34.56221198156682
239,64,142,225,36.712749615975426
229,63,102,211,35.17665130568356
233,62,148,228,35.79109062980031
241,63,180,228,37.0199692780338
251,66,168,233,38.556067588325654
248,64,128,236,38.095238095238095
239,66,120,230,36.712749615975426
239,64,160,229,36.712749615975426
229,59,86,203,35.17665130568356
264,68,187,233,40.55299539170507
249,68,146,249,38.24884792626728
222,59,138,223,34.10138248847927
232,62,132,218,35.63748079877112
252,69,155,244,38.70967741935484
256,66,164,247,39.324116743471585
244,65,126,225,37.48079877112135
244,64,125,218,37.48079877112135
248,64,140,239,38.095238095238095
253,62,168,237,38.863287250384026
260,66,155,237,39.93855606758833
238,62,123,222,36.55913978494624
265,68,168,231,40.706605222734254
224,62,160,240,34.40860215053763
246,63,150,231,37.78801843317972
258,71,200,254,39.63133640552996
242,63,145,237,37.173579109062985
227,64,125,213,34.86943164362519
242,62,124,233,37.173579109062985
234,62,143,220,35.944700460829495
233,59,145,210,35.79109062980031
253,66,168,221,38.863287250384026
240,64,145,217,36.86635944700461
260,66,150,238,39.93855606758833
255,62,140,229,39.1705069124424
243,64,128,226,37.327188940092164
235,61,162,215,36.09831029185868
242,66,129,228,37.173579109062985
239,63,165,226,36.712749615975426
265,67,158,240,40.706605222734254
243,66,180,223,37.327188940092164
268,69,170,242,41.16743471582181
259,68,183,242,39.78494623655914
269,72,178,231,41.321044546851
248,66,162,221,38.095238095238095
236,63,135,220,36.25192012288787
238,64,145,225,36.55913978494624
245,65,150,221,37.634408602150536
235,62,110,223,36.09831029185868
265,65,142,230,40.706605222734254
246,65,140,227,37.78801843317972
252,64,138,222,38.70967741935484
247,64,180,235,37.94162826420891
254,69,137,220,39.01689708141321
238,63,145,228,36.55913978494624
226,63,135,221,34.715821812596005
233,62,156,234,35.79109062980031
238,63,150,220,36.55913978494624
235,64,164,235,36.09831029185868
227,64,124,207,34.86943164362519
249,65,152,233,38.24884792626728
248,68,218,239,38.095238095238095
244,66,110,234,37.48079877112135
253,66,176,233,38.863287250384026
241,64,153,223,37.0199692780338
237,60,135,216,36.40552995391705
238,67,152,236,36.55913978494624
253,66,170,260,38.863287250384026
236,65,170,228,36.25192012288787
257,70,180,243,39.47772657450077
230,63,105,204,35.33026113671275
234,62,131,213,35.944700460829495
269,71,160,239,41.321044546851
268,68,173,254,41.16743471582181
249,66,145,231,38.24884792626728
242,64,155,231,37.173579109062985
246,66,133,243,37.78801843317972
253,65,135,228,38.863287250384026
245,66,165,241,37.634408602150536
254,70,147,239,39.01689708141321
260,67,175,244,39.93855606758833
247,63,111,242,37.94162826420891
219,64,142,214,33.64055299539171
228,62,95,206,35.02304147465438
230,63,157,236,35.33026113671275
238,67,170,234,36.55913978494624
233,63,135,220,35.79109062980031
238,68,165,244,36.55913978494624
237,65,155,226,36.40552995391705
244,62,128,241,37.48079877112135
240,63,134,241,36.86635944700461
268,66,145,236,41.16743471582181
246,65,182,238,37.78801843317972
258,67,128,239,39.63133640552996
227,66,136,219,34.86943164362519
257,67,160,243,39.47772657450077
251,63,134,225,38.556067588325654
258,66,192,237,39.63133640552996
239,62,165,236,36.712749615975426
245,65,150,225,37.634408602150536
233,66,165,227,35.79109062980031
233,59,108,213,35.79109062980031
239,64,128,224,36.712749615975426
229,66,153,215,35.17665130568356
227,64,133,219,34.86943164362519
254,68,175,230,39.01689708141321
274,69,165,242,42.08909370199693
263,70,175,227,40.39938556067588
267,68,150,238,41.013824884792626
250,66,150,237,38.40245775729647
246,62,124,231,37.78801843317972
247,64,175,227,37.94162826420891
237,66,160,231,36.40552995391705
251,66,164,221,38.556067588325654
271,71,190,237,41.62826420890937
235,63,138,236,36.09831029185868
277,69,195,261,42.54992319508449
234,61,124,222,35.944700460829495
250,65,215,245,38.40245775729647
221,61,119,227,33.94777265745008
232,62,128,227,35.63748079877112
250,62,152,249,38.40245775729647
269,68,155,251,41.321044546851
244,65,170,236,37.48079877112135
245,64,156,237,37.634408602150536
251,69,152,232,38.556067588325654
254,64,128,224,39.01689708141321
265,69,180,247,40.706605222734254
217,62,138,214,33.333333333333336
252,66,120,223,38.70967741935484
249,64,127,241,38.24884792626728
253,65,170,240,38.863287250384026
243,64,153,227,37.327188940092164
254,65,130,238,39.01689708141321
237,64,130,222,36.40552995391705
244,66,145,237,37.48079877112135
234,64,120,222,35.944700460829495
249,67,130,227,38.24884792626728
235,64,127,214,36.09831029185868
235,62,110,221,36.09831029185868
244,65,130,237,37.48079877112135
263,69,148,231,40.39938556067588
245,61,110,240,37.634408602150536
231,67,125,220,35.483870967741936
234,62,160,238,35.944700460829495
238,65,155,240,36.55913978494624
252,69,145,237,38.70967741935484
244,64,155,237,37.48079877112135
230,64,130,220,35.33026113671275
264,69,145,240,40.55299539170507
257,69,168,225,39.47772657450077
249,69,155,248,38.24884792626728
247,67,166,231,37.94162826420891
256,67,143,228,39.324116743471585
272,67,170,247,41.78187403993856
283,73,150,248,43.4715821812596
265,66,142,238,40.706605222734254
254,69,150,238,39.01689708141321
247,64,138,232,37.94162826420891
227,59,96,218,34.86943164362519
229,63,130,223,35.17665130568356
264,70,200,243,40.55299539170507
258,62,150,244,39.63133640552996
267,71,181,257,41.013824884792626
249,66,130,212,38.24884792626728
247,63,159,224,37.94162826420891
274,69,171,227,42.08909370199693
263,66,145,234,40.39938556067588
249,65,150,225,38.24884792626728
258,68,150,252,39.63133640552996
227,62,128,222,34.86943164362519
254,66,164,228,39.01689708141321
233,63,177,228,35.79109062980031
231,63,122,226,35.483870967741936
246,66,140,242,37.78801843317972
249,62,135,220,38.24884792626728
249,65,125,218,38.24884792626728
248,75,136,217,38.095238095238095
245,66,173,236,37.634408602150536
244,62,140,226,37.48079877112135
266,67,175,240,40.86021505376344
227,60,142,207,34.86943164362519
265,65,169,239,40.706605222734254
269,65,150,240,41.321044546851
269,69,187,253,41.321044546851
257,66,165,233,39.47772657450077
222,60,119,214,34.10138248847927
252,67,170,240,38.70967741935484
253,64,153,247,38.863287250384026
244,63,175,227,37.48079877112135
284,69,187,235,43.625192012288785
246,63,140,224,37.78801843317972
251,66,137,226,38.556067588325654
258,67,130,230,39.63133640552996
269,68,181,240,41.321044546851
268,66,173,218,41.16743471582181
249,63,160,222,38.24884792626728
257,62,141,226,39.47772657450077
257,66,162,226,39.47772657450077
241,61,122,216,37.0199692780338
255,66,168,224,39.1705069124424
259,70,165,237,39.78494623655914
246,64,175,237,37.78801843317972
256,64,154,240,39.324116743471585
248,68,150,217,38.095238095238095
249,66,160,236,38.24884792626728
235,64,165,217,36.09831029185868
260,69,171,258,39.93855606758833
251,66,160,226,38.556067588325654
253,66,145,237,38.863287250384026
259,69,171,226,39.78494623655914
252,68,168,238,38.70967741935484
260,67,142,235,39.93855606758833
242,62,114,234,37.173579109062985
243,64,130,225,37.327188940092164
242,62,130,207,37.173579109062985
222,61,111,197,34.10138248847927
242,63,147,214,37.173579109062985
254,65,135,239,39.01689708141321
244,66,125,218,37.48079877112135
244,66,145,242,37.48079877112135
262,69,150,237,40.2457757296467
266,70,167,240,40.86021505376344
255,63,170,248,39.1705069124424
242,64,170,231,37.173579109062985
267,64,157,249,41.013824884792626
234,60,113,214,35.944700460829495
222,60,140,210,34.10138248847927
238,62,145,224,36.55913978494624
262,67,198,241,40.2457757296467
244,63,147,222,37.48079877112135
244,63,120,227,37.48079877112135
254,69,163,256,39.01689708141321
235,66,128,220,36.09831029185868
257,69,163,244,39.47772657450077
223,64,155,222,34.25499231950845
240,65,150,234,36.86635944700461
243,66,127,226,37.327188940092164
263,69,130,227,40.39938556067588
230,63,160,202,35.33026113671275
240,64,146,225,36.86635944700461
227,62,142,222,34.86943164362519
236,65,162,240,36.25192012288787
255,65,130,242,39.1705069124424
259,68,160,248,39.78494623655914
261,68,155,237,40.092165898617516
233,64,160,227,35.79109062980031
259,67,160,244,39.78494623655914
244,65,140,220,37.48079877112135
241,66,135,217,37.0199692780338
255,64,125,230,39.1705069124424
244,67,135,223,37.48079877112135
247,64,140,229,37.94162826420891
234,64,128,216,35.944700460829495
267,66,160,244,41.013824884792626
273,69,192,231,41.935483870967744
239,64,135,221,36.712749615975426
237,63,115,220,36.40552995391705
233,62,120,217,35.79109062980031
229,62,115,214,35.17665130568356
234,62,139,219,35.944700460829495
248,69,160,230,38.095238095238095
226,62,155,238,34.715821812596005
254,66,152,227,39.01689708141321
234,63,146,237,35.944700460829495
253,66,141,234,38.863287250384026
236,60,142,219,36.25192012288787
249,63,125,214,38.24884792626728
238,68,160,227,36.55913978494624
238,67,175,241,36.55913978494624
257,64,136,224,39.47772657450077
253,66,137,227,38.863287250384026
258,66,128,223,39.63133640552996
238,59,148,217,36.55913978494624
269,68,197,236,41.321044546851
227,61,136,199,34.86943164362519
255,66,172,230,39.1705069124424
236,62,144,218,36.25192012288787
274,65,183,257,42.08909370199693
251,63,143,232,38.556067588325654
239,62,136,217,36.712749615975426
254,66,198,247,39.01689708141321
245,65,160,233,37.634408602150536
255,66,135,248,39.1705069124424
243,66,124,225,37.327188940092164
254,65,170,247,39.01689708141321
234,61,125,217,35.944700460829495
255,69,195,244,39.1705069124424
252,63,185,233,38.70967741935484
237,62,110,222,36.40552995391705
245,66,141,243,37.634408602150536
237,61,152,222,36.40552995391705
236,61,144,227,36.25192012288787
244,61,132,219,37.48079877112135
247,64,162,237,37.94162826420891
247,66,168,235,37.94162826420891
243,63,142,214,37.327188940092164
271,66,163,247,41.62826420890937
234,66,117,225,35.944700460829495
235,63,138,233,36.09831029185868
247,66,174,228,37.94162826420891
228,62,126,216,35.02304147465438
235,62,144,234,36.09831029185868
237,63,123,213,36.40552995391705
246,63,140,217,37.78801843317972
250,68,153,224,38.40245775729647
241,64,125,217,37.0199692780338
234,62,140,219,35.944700460829495
248,66,132,229,38.095238095238095
246,63,160,247,37.78801843317972
235,64,165,222,36.09831029185868
229,59,150,214,35.17665130568356
253,69,160,242,38.863287250384026
229,60,112,217,35.17665130568356
260,69,148,230,39.93855606758833
252,67,148,220,38.70967741935484
244,64,149,228,37.48079877112135
253,66,145,221,38.863287250384026
243,62,135,233,37.327188940092164
245,65,140,228,37.634408602150536
238,57,124,224,36.55913978494624
223,65,120,205,34.25499231950845
258,63,150,227,39.63133640552996
225,60,90,207,34.56221198156682
259,62,159,240,39.78494623655914
247,63,155,232,37.94162826420891
265,67,163,236,40.706605222734254
256,66,145,243,39.324116743471585
247,62,129,225,37.94162826420891
242,61,162,225,37.173579109062985
226,60,131,222,34.715821812596005
257,65,125,223,39.47772657450077
242,62,140,224,37.173579109062985
226,60,124,217,34.715821812596005
257,68,145,250,39.47772657450077
258,64,152,246,39.63133640552996
251,73,200,230,38.556067588325654
229,64,105,194,35.17665130568356
272,72,165,227,41.78187403993856
243,66,125,208,37.327188940092164
250,64,140,243,38.40245775729647
250,67,150,244,38.40245775729647
282,71,208,256,43.31797235023041
243,61,139,232,37.327188940092164
243,60,115,228,37.327188940092164
254,63,150,231,39.01689708141321
248,68,160,233,38.095238095238095
283,72,195,256,43.4715821812596
252,66,141,242,38.70967741935484
234,62,118,208,35.944700460829495
229,61,124,214,35.17665130568356
247,65,147,240,37.94162826420891
260,66,132,228,39.93855606758833
235,62,146,227,36.09831029185868
234,63,130,224,35.944700460829495
244,63,130,214,37.48079877112135
235,59,115,207,36.09831029185868
252,64,135,222,38.70967741935484
220,57,118,205,33.794162826420894
219,63,136,220,33.64055299539171
230,67,143,228,35.33026113671275
265,69,180,240,40.706605222734254
247,65,135,219,37.94162826420891
264,64,160,243,40.55299539170507
254,65,170,231,39.01689708141321
256,68,161,226,39.324116743471585
249,63,125,231,38.24884792626728
258,69,200,250,39.63133640552996
263,66,160,233,40.39938556067588
250,67,168,236,38.40245775729647
256,65,155,238,39.324116743471585
249,65,138,240,38.24884792626728
237,65,127,222,36.40552995391705
258,66,165,238,39.63133640552996
253,67,150,234,38.863287250384026
239,65,133,217,36.712749615975426
259,67,138,235,39.78494623655914
257,66,160,245,39.47772657450077
258,67,145,217,39.63133640552996
233,60,125,217,35.79109062980031
244,66,160,248,37.48079877112135
253,66,146,234,38.863287250384026
242,64,126,227,37.173579109062985
235,61,125,235,36.09831029185868
233,63,151,233,35.79109062980031
247,65,150,231,37.94162826420891
212,60,110,218,32.565284178187405
278,70,160,239,42.703533026113675
237,61,127,216,36.40552995391705
253,67,148,235,38.863287250384026
243,63,125,213,37.327188940092164
255,63,160,237,39.1705069124424
258,68,145,237,39.63133640552996
241,67,131,230,37.0199692780338
243,63,145,230,37.327188940092164
257,65,126,223,39.47772657450077
224,61,106,209,34.40860215053763
257,66,130,242,39.47772657450077
242,66,154,212,37.173579109062985
244,64,140,227,37.48079877112135
239,62,118,229,36.712749615975426
233,62,113,215,35.79109062980031
247,64,160,233,37.94162826420891
254,64,155,237,39.01689708141321
241,64,118,207,37.0199692780338
274,62,125,226,42.08909370199693
248,66,153,230,38.095238095238095
250,67,185,232,38.40245775729647
254,65,118,221,39.01689708141321
217,60,115,217,33.333333333333336
245,65,130,214,37.634408602150536
249,66,160,250,38.24884792626728
232,62,127,227,35.63748079877112
259,65,143,234,39.78494623655914
233,63,122,218,35.79109062980031
241,63,130,217,37.0199692780338
254,65,145,236,39.01689708141321
267,69,167,237,41.013824884792626
239,63,123,238,36.712749615975426
250,64,135,219,38.40245775729647
233,66,130,218,35.79109062980031
238,64,150,224,36.55913978494624
240,62,133,220,36.86635944700461
228,58,100,210,35.02304147465438
264,67,160,247,40.55299539170507
258,67,160,243,39.63133640552996
243,62,117,219,37.327188940092164
229,60,115,223,35.17665130568356
232,61,137,227,35.63748079877112
274,68,174,259,42.08909370199693
235,62,124,209,36.09831029185868
249,64,150,227,38.24884792626728
229,65,128,216,35.17665130568356
244,62,135,219,37.48079877112135
270,67,170,244,41.474654377880185
242,62,116,222,37.173579109062985
243,64,127,224,37.327188940092164
259,68,150,229,39.78494623655914
275,64,169,255,42.242703533026116
256,67,131,233,39.324116743471585
225,62,135,218,34.56221198156682
227,61,118,204,34.86943164362519
258,66,135,214,39.63133640552996
238,60,128,225,36.55913978494624
244,66,143,229,37.48079877112135
233,60,138,226,35.79109062980031
252,66,200,247,38.70967741935484
258,66,143,243,39.63133640552996
224,57,148,216,34.40860215053763
253,64,169,224,38.863287250384026
263,68,143,233,40.39938556067588
258,69,238,234,39.63133640552996
259,70,190,244,39.78494623655914
256,66,170,228,39.324116743471585
249,64,183,233,38.24884792626728
224,64,149,220,34.40860215053763
252,64,165,230,38.70967741935484
253,63,175,227,38.863287250384026
237,65,150,222,36.40552995391705
264,67,155,247,40.55299539170507
248,65,120,219,38.095238095238095
238,68,173,257,36.55913978494624
255,66,144,253,39.1705069124424
245,63,125,229,37.634408602150536
235,65,182,226,36.09831029185868
239,68,180,223,36.712749615975426
253,66,154,240,38.863287250384026
252,64,200,235,38.70967741935484
237,63,137,220,36.40552995391705
249,66,148,223,38.24884792626728
246,63,136,240,37.78801843317972
259,66,130,226,39.78494623655914
252,65,151,230,38.70967741935484
253,63,149,227,38.863287250384026
247,63,140,225,37.94162826420891
242,65,132,220,37.173579109062985
257,68,160,240,39.47772657450077
232,59,133,237,35.63748079877112
251,66,139,222,38.556067588325654
253,65,125,228,38.863287250384026
247,67,147,236,37.94162826420891
250,67,140,249,38.40245775729647
254,64,130,231,39.01689708141321
238,62,136,216,36.55913978494624
249,66,150,228,38.24884792626728
245,66,139,222,37.634408602150536
270,70,165,257,41.474654377880185
262,67,185,238,40.2457757296467
235,64,127,213,36.09831029185868
249,63,149,234,38.24884792626728
244,63,135,224,37.48079877112135
253,68,165,244,38.863287250384026
250,63,140,238,38.40245775729647
268,66,138,237,41.16743471582181
247,62,134,218,37.94162826420891
237,64,150,228,36.40552995391705
243,62,130,232,37.327188940092164
250,66,160,216,38.40245775729647
243,63,130,217,37.327188940092164
269,65,145,242,41.321044546851
217,57,105,203,33.333333333333336
271,66,162,251,41.62826420890937
254,68,172,240,39.01689708141321
254,66,148,226,39.01689708141321
240,63,138,217,36.86635944700461
234,63,160,234,35.944700460829495
234,65,130,237,35.944700460829495
249,63,146,239,38.24884792626728
235,62,135,234,36.09831029185868
259,67,165,239,39.78494623655914
246,68,156,240,37.78801843317972
257,67,136,231,39.47772657450077
257,65,154,244,39.47772657450077
227,63,123,224,34.86943164362519
253,68,145,231,38.863287250384026
260,68,156,231,39.93855606758833
240,63,128,222,36.86635944700461
256,66,165,233,39.324116743471585
242,64,109,210,37.173579109062985
249,64,125,228,38.24884792626728
276,67,180,270,42.3963133640553
267,68,168,260,41.013824884792626
233,63,135,217,35.79109062980031
241,65,150,224,37.0199692780338
272,70,183,240,41.78187403993856
216,61,130,228,33.17972350230415
240,60,140,233,36.86635944700461
235,63,133,221,36.09831029185868
237,63,130,231,36.40552995391705
224,62,120,216,34.40860215053763
241,63,140,228,37.0199692780338
243,63,145,244,37.327188940092164
244,64,148,242,37.48079877112135
241,63,140,227,37.0199692780338
258,66,160,233,39.63133640552996
234,68,128,218,35.944700460829495
250,64,125,227,38.40245775729647
249,65,140,237,38.24884792626728
241,63,145,214,37.0199692780338
243,65,122,227,37.327188940092164
261,67,150,240,40.092165898617516
257,67,175,254,39.47772657450077
237,64,125,234,36.40552995391705
255,66,150,219,39.1705069124424
247,66,130,224,37.94162826420891
228,62,118,205,35.02304147465438
228,64,150,213,35.02304147465438
244,62,165,221,37.48079877112135
261,67,135,232,40.092165898617516
214,56,130,217,32.87250384024578
254,69,175,243,39.01689708141321
230,64,115,209,35.33026113671275
249,65,158,231,38.24884792626728
247,66,130,224,37.94162826420891
224,61,128,213,34.40860215053763
229,60,140,213,35.17665130568356
246,64,152,220,37.78801843317972
235,67,125,220,36.09831029185868
251,69,150,244,38.556067588325654
239,64,120,215,36.712749615975426
198,56,100,199,30.414746543778804
236,63,128,221,36.25192012288787
264,68,181,253,40.55299539170507
263,68,160,240,40.39938556067588
238,64,165,235,36.55913978494624
250,66,185,250,38.40245775729647
235,62,140,224,36.09831029185868
251,71,163,238,38.556067588325654
256,67,153,229,39.324116743471585
245,66,163,229,37.634408602150536
237,63,135,227,36.40552995391705
230,60,108,206,35.33026113671275
264,67,180,234,40.55299539170507
262,66,165,231,40.2457757296467
259,66,170,244,39.78494623655914
244,65,130,218,37.48079877112135
241,64,167,229,37.0199692780338
266,80,150,238,40.86021505376344
225,61,110,216,34.56221198156682
242,64,145,226,37.173579109062985
247,64,148,214,37.94162826420891
224,62,138,208,34.40860215053763
254,65,156,239,39.01689708141321
234,64,152,220,35.944700460829495
223,59,100,209,34.25499231950845
266,69,160,238,40.86021505376344
233,64,163,235,35.79109062980031
242,64,160,209,37.173579109062985
261,67,174,246,40.092165898617516
249,65,140,238,38.24884792626728
225,63,160,220,34.56221198156682
254,63,133,233,39.01689708141321
243,63,177,224,37.327188940092164
230,62,140,224,35.33026113671275
228,60,169,214,35.02304147465438
228,63,125,224,35.02304147465438
249,65,150,227,38.24884792626728
256,66,169,250,39.324116743471585
237,61,140,227,36.40552995391705
252,66,145,227,38.70967741935484
242,61,109,207,37.173579109062985
244,66,165,231,37.48079877112135
256,68,195,232,39.324116743471585
248,62,150,217,38.095238095238095
240,64,141,221,36.86635944700461
254,66,197,241,39.01689708141321
242,63,140,230,37.173579109062985
224,60,150,199,34.40860215053763
241,65,135,224,37.0199692780338
243,62,112,238,37.327188940092164
241,64,107,208,37.0199692780338
238,62,160,233,36.55913978494624
268,70,180,255,41.16743471582181
252,64,169,231,38.70967741935484
254,62,140,217,39.01689708141321
227,63,170,226,34.86943164362519
230,62,150,222,35.33026113671275
262,68,163,227,40.2457757296467
253,67,156,217,38.863287250384026
259,67,174,231,39.78494623655914
249,63,120,227,38.24884792626728
253,64,144,240,38.863287250384026
255,67,170,233,39.1705069124424
234,67,187,244,35.944700460829495
252,65,147,227,38.70967741935484
261,66,156,218,40.092165898617516
272,67,130,212,41.78187403993856
243,64,116,200,37.327188940092164
252,68,164,224,38.70967741935484
253,64,180,236,38.863287250384026
258,63,168,244,39.63133640552996
234,63,140,206,35.944700460829495
252,66,145,224,38.70967741935484
244,65,160,227,37.48079877112135
264,68,155,226,40.55299539170507
250,64,157,227,38.40245775729647
272,68,225,254,41.78187403993856
237,64,168,230,36.40552995391705
239,62,145,237,36.712749615975426
239,61,145,237,36.712749615975426
249,65,150,235,38.24884792626728
274,69,194,257,42.08909370199693
253,68,206,236,38.863287250384026
252,67,140,227,38.70967741935484
278,70,140,264,42.703533026113675
245,65,143,226,37.634408602150536
237,62,158,228,36.40552995391705
253,65,140,234,38.863287250384026
238,61,155,224,36.55913978494624
256,64,160,228,39.324116743471585
244,65,165,230,37.48079877112135
238,64,185,244,36.55913978494624
252,64,181,236,38.70967741935484
235,65,125,231,36.09831029185868
248,64,175,252,38.095238095238095
253,63,137,243,38.863287250384026
256,67,142,230,39.324116743471585
266,68,172,245,40.86021505376344
217,61,130,206,33.333333333333336
241,63,160,228,37.0199692780338
222,59,145,217,34.10138248847927
249,64,125,214,38.24884792626728
245,64,145,235,37.634408602150536
252,65,134,235,38.70967741935484
262,67,170,245,40.2457757296467
237,66,132,217,36.40552995391705
247,63,148,255,37.94162826420891
247,63,140,237,37.94162826420891
240,64,150,220,36.86635944700461
243,65,150,237,37.327188940092164
245,66,190,244,37.634408602150536
245,62,139,227,37.634408602150536
252,65,165,231,38.70967741935484
255,63,120,227,39.1705069124424
251,64,154,227,38.556067588325654
256,64,169,235,39.324116743471585
263,67,215,237,40.39938556067588
247,64,148,225,37.94162826420891
237,61,100,207,36.40552995391705
257,66,165,237,39.47772657450077
252,67,120,230,38.70967741935484
240,61,132,230,36.86635944700461
253,62,155,238,38.863287250384026
267,66,162,238,41.013824884792626
244,63,148,238,37.48079877112135
243,64,127,231,37.327188940092164
260,67,192,241,39.93855606758833
229,66,146,234,35.17665130568356
255,64,167,223,39.1705069124424
256,66,139,242,39.324116743471585
253,64,155,236,38.863287250384026
252,67,150,255,38.70967741935484
241,63,135,210,37.0199692780338
252,67,135,244,38.70967741935484
247,65,135,223,37.94162826420891
243,64,170,248,37.327188940092164
253,64,129,225,38.863287250384026
237,65,130,223,36.40552995391705
260,69,170,244,39.93855606758833
250,59,154,220,38.40245775729647
255,66,185,236,39.1705069124424
243,62,135,223,37.327188940092164
268,67,208,251,41.16743471582181
259,66,143,253,39.78494623655914
247,64,133,214,37.94162826420891
250,63,152,230,38.40245775729647
254,64,147,222,39.01689708141321
236,64,143,233,36.25192012288787
279,71,170,248,42.85714285714286
251,66,155,218,38.556067588325654
244,65,125,228,37.48079877112135
261,70,170,254,40.092165898617516
247,64,145,224,37.94162826420891
247,69,147,221,37.94162826420891
223,63,143,223,34.25499231950845
247,64,190,225,37.94162826420891
247,66,128,222,37.94162826420891
248,67,176,223,38.095238095238095
283,60,170,252,43.4715821812596
240,65,127,223,36.86635944700461
247,63,193,238,37.94162826420891
250,64,170,225,38.40245775729647
237,60,119,221,36.40552995391705
250,66,180,236,38.40245775729647
252,68,138,228,38.70967741935484
228,61,126,215,35.02304147465438
236,61,162,220,36.25192012288787
259,65,160,248,39.78494623655914
258,65,152,234,39.63133640552996
253,66,180,237,38.863287250384026
245,66,135,228,37.634408602150536
279,71,173,251,42.85714285714286
274,72,187,252,42.08909370199693
253,70,135,236,38.863287250384026
234,63,127,215,35.944700460829495
249,65,123,223,38.24884792626728
240,62,152,227,36.86635944700461
234,62,142,227,35.944700460829495
248,65,135,232,38.095238095238095
240,61,132,218,36.86635944700461
238,61,148,221,36.55913978494624
280,69,148,252,43.01075268817205
252,64,139,206,38.70967741935484
251,63,143,233,38.556067588325654
239,63,135,227,36.712749615975426
233,65,129,204,35.79109062980031
253,65,170,234,38.863287250384026
244,66,134,212,37.48079877112135
255,68,180,233,39.1705069124424
231,61,123,214,35.483870967741936
232,66,113,213,35.63748079877112
251,68,140,229,38.556067588325654
270,65,162,233,41.474654377880185
236,63,143,229,36.25192012288787
264,66,205,252,40.55299539170507
261,69,150,228,40.092165898617516
248,64,146,223,38.095238095238095
257,69,150,238,39.47772657450077
263,68,173,237,40.39938556067588
270,67,155,252,41.474654377880185
240,62,116,223,36.86635944700461
247,67,130,213,37.94162826420891
268,68,167,232,41.16743471582181
251,66,168,235,38.556067588325654
240,62,158,220,36.86635944700461
259,65,145,228,39.78494623655914
234,67,163,212,35.944700460829495
232,61,115,230,35.63748079877112
250,63,140,244,38.40245775729647
266,64,141,226,40.86021505376344
249,63,148,231,38.24884792626728
249,64,155,233,38.24884792626728
247,65,152,228,37.94162826420891
237,63,136,221,36.40552995391705
217,61,125,212,33.333333333333336
268,67,198,257,41.16743471582181
260,66,167,246,39.93855606758833
247,65,170,241,37.94162826420891
267,66,158,261,41.013824884792626
252,63,127,233,38.70967741935484
225,63,135,237,34.56221198156682
262,66,190,226,40.2457757296467
242,61,120,219,37.173579109062985
245,62,153,219,37.634408602150536
232,59,130,208,35.63748079877112
238,61,110,216,36.55913978494624
249,66,158,237,38.24884792626728
247,66,114,213,37.94162826420891
242,66,125,224,37.173579109062985
237,63,108,208,36.40552995391705
243,64,135,231,37.327188940092164
235,64,135,216,36.09831029185868
234,60,120,219,35.944700460829495
219,58,114,214,33.64055299539171
247,65,150,237,37.94162826420891
246,63,150,233,37.78801843317972
233,63,138,222,35.79109062980031
257,66,160,228,39.47772657450077
241,64,140,232,37.0199692780338
258,69,172,227,39.63133640552996
248,64,133,221,38.095238095238095
254,67,169,244,39.01689708141321
253,65,135,233,38.863287250384026
226,60,102,226,34.715821812596005
232,65,125,234,35.63748079877112
233,62,125,209,35.79109062980031
252,65,142,227,38.70967741935484
241,63,130,227,37.0199692780338
233,61,115,217,35.79109062980031
243,62,140,219,37.327188940092164
239,63,140,222,36.712749615975426
257,66,142,218,39.47772657450077
239,62,125,213,36.712749615975426
263,66,140,240,40.39938556067588
240,63,138,218,36.86635944700461
242,66,118,212,37.173579109062985
258,68,150,226,39.63133640552996
244,65,157,231,37.48079877112135
244,64,148,227,37.48079877112135
250,64,145,227,38.40245775729647
260,67,140,237,39.93855606758833
257,67,145,224,39.47772657450077
228,61,112,211,35.02304147465438
237,64,117,216,36.40552995391705
268,70,158,245,41.16743471582181
258,66,165,241,39.63133640552996
244,63,135,224,37.48079877112135
230,59,95,222,35.33026113671275
237,63,165,236,36.40552995391705
267,63,155,249,41.013824884792626
247,65,150,237,37.94162826420891
248,65,150,228,38.095238095238095
252,68,150,226,38.70967741935484
251,64,132,237,38.556067588325654
254,65,158,238,39.01689708141321
238,62,135,226,36.55913978494624
238,61,130,234,36.55913978494624
252,67,165,242,38.70967741935484
262,67,170,243,40.2457757296467
237,63,120,217,36.40552995391705
239,63,145,230,36.712749615975426
268,69,135,247,41.16743471582181
244,66,165,236,37.48079877112135
245,68,142,217,37.634408602150536
239,63,150,233,36.712749615975426
252,64,150,236,38.70967741935484
229,59,103,217,35.17665130568356
234,62,135,226,35.944700460829495
248,67,183,234,38.095238095238095
246,65,145,224,37.78801843317972
257,62,154,224,39.47772657450077
234,63,130,214,35.944700460829495
251,65,145,221,38.556067588325654
253,69,148,244,38.863287250384026
256,65,148,233,39.324116743471585
261,70,195,236,40.092165898617516
237,60,140,215,36.40552995391705
244,66,185,236,37.48079877112135
248,62,126,229,38.095238095238095
225,59,130,221,34.56221198156682
243,66,135,240,37.327188940092164
263,70,155,250,40.39938556067588
237,64,120,218,36.40552995391705
233,63,115,231,35.79109062980031
231,64,123,204,35.483870967741936
243,62,140,235,37.327188940092164
237,62,120,233,36.40552995391705
253,65,140,231,38.863287250384026
256,67,155,228,39.324116743471585
237,61,130,235,36.40552995391705
253,64,130,225,38.863287250384026
237,64,122,220,36.40552995391705
231,61,120,218,35.483870967741936
245,63,175,233,37.634408602150536
244,64,127,227,37.48079877112135
254,67,160,250,39.01689708141321
238,65,160,222,36.55913978494624
238,62,145,227,36.55913978494624
259,67,165,256,39.78494623655914
233,63,110,218,35.79109062980031
233,61,105,214,35.79109062980031
250,67,184,231,38.40245775729647
249,63,152,237,38.24884792626728
253,66,137,224,38.863287250384026
262,67,157,244,40.2457757296467
235,61,110,221,36.09831029185868
257,70,160,257,39.47772657450077
257,68,150,236,39.47772657450077
239,63,132,222,36.712749615975426
238,67,133,205,36.55913978494624
255,66,145,246,39.1705069124424
232,60,110,223,35.63748079877112
257,66,157,246,39.47772657450077
252,66,150,252,38.70967741935484
229,63,143,221,35.17665130568356
252,65,170,233,38.70967741935484
253,64,160,242,38.863287250384026
251,67,170,225,38.556067588325654
229,65,115,202,35.17665130568356
268,67,148,238,41.16743471582181
259,63,161,227,39.78494623655914
236,63,120,211,36.25192012288787
251,66,130,230,38.556067588325654
228,65,154,218,35.02304147465438
236,63,147,224,36.25192012288787
246,64,150,212,37.78801843317972
256,66,154,211,39.324116743471585
236,62,134,222,36.25192012288787
258,67,168,228,39.63133640552996
237,63,152,219,36.40552995391705
247,64,127,225,37.94162826420891
266,65,180,227,40.86021505376344
252,68,144,222,38.70967741935484
245,66,145,223,37.634408602150536
257,64,165,236,39.47772657450077
244,65,147,237,37.48079877112135
247,64,145,222,37.94162826420891
237,68,150,212,36.40552995391705
255,69,139,236,39.1705069124424
247,69,132,223,37.94162826420891
232,61,106,206,35.63748079877112
244,65,162,227,37.48079877112135
263,71,223,247,40.39938556067588
257,63,144,227,39.47772657450077
244,66,160,220,37.48079877112135
242,65,194,233,37.173579109062985
227,62,160,224,34.86943164362519
248,62,137,222,38.095238095238095
241,63,150,242,37.0199692780338
227,61,135,217,34.86943164362519
258,63,140,232,39.63133640552996
257,67,150,235,39.47772657450077
244,65,143,243,37.48079877112135
228,62,115,216,35.02304147465438
234,62,127,234,35.944700460829495
251,67,196,229,38.556067588325654
263,67,157,252,40.39938556067588
228,60,126,214,35.02304147465438
242,64,135,244,37.173579109062985
244,64,135,233,37.48079877112135
225,59,140,233,34.56221198156682
247,65,150,221,37.94162826420891
249,63,130,232,38.24884792626728
276,67,180,255,42.3963133640553
252,64,161,228,38.70967741935484
239,65,161,240,36.712749615975426
231,64,105,208,35.483870967741936
249,65,132,231,38.24884792626728
251,63,113,220,38.556067588325654
249,66,156,240,38.24884792626728
267,70,187,252,41.013824884792626
237,61,116,227,36.40552995391705
254,66,159,244,39.01689708141321
246,63,135,227,37.78801843317972
237,63,120,243,36.40552995391705
242,63,124,222,37.173579109062985
247,62,135,217,37.94162826420891
233,64,120,204,35.79109062980031
227,62,138,215,34.86943164362519
261,67,167,220,40.092165898617516
254,66,160,238,39.01689708141321
256,67,170,247,39.324116743471585
255,65,126,210,39.1705069124424
260,64,185,229,39.93855606758833
244,62,181,224,37.48079877112135
257,68,177,234,39.47772657450077
222,60,127,204,34.10138248847927
224,60,132,217,34.40860215053763
263,67,148,227,40.39938556067588
236,61,145,226,36.25192012288787
252,64,140,242,38.70967741935484
242,69,127,215,37.173579109062985
237,62,135,234,36.40552995391705
227,63,131,224,34.86943164362519
264,64,148,231,40.55299539170507
264,67,150,237,40.55299539170507
237,63,132,228,36.40552995391705
230,63,147,226,35.33026113671275
246,61,120,218,37.78801843317972
229,65,117,207,35.17665130568356
248,66,144,235,38.095238095238095
247,65,154,228,37.94162826420891
234,60,138,228,35.944700460829495
227,62,140,225,34.86943164362519
241,64,115,212,37.0199692780338
237,64,132,218,36.40552995391705
233,59,114,207,35.79109062980031
255,60,116,222,39.1705069124424
258,68,165,232,39.63133640552996
229,62,130,225,35.17665130568356
243,64,155,237,37.327188940092164
260,67,135,237,39.93855606758833
242,64,156,238,37.173579109062985
252,69,178,247,38.70967741935484
238,61,117,220,36.55913978494624
253,66,138,216,38.863287250384026
237,63,140,220,36.40552995391705
238,64,160,228,36.55913978494624
244,64,140,227,37.48079877112135
237,66,166,234,36.40552995391705
256,64,146,227,39.324116743471585
248,67,140,217,38.095238095238095
248,65,170,237,38.095238095238095
270,70,178,247,41.474654377880185
252,67,140,218,38.70967741935484
228,65,135,223,35.02304147465438
262,68,162,224,40.2457757296467
255,68,120,216,39.1705069124424
244,66,160,217,37.48079877112135
244,61,135,233,37.48079877112135
227,61,104,194,34.86943164362519
219,60,130,227,33.64055299539171
249,66,145,228,38.24884792626728
222,58,103,213,34.10138248847927
270,70,155,260,41.474654377880185
231,62,145,237,35.483870967741936
261,67,130,237,40.092165898617516
247,63,140,227,37.94162826420891
249,63,137,215,38.24884792626728
257,65,160,237,39.47772657450077
256,70,184,231,39.324116743471585
229,64,165,219,35.17665130568356
264,64,174,246,40.55299539170507
262,68,190,244,40.2457757296467
238,63,130,230,36.55913978494624
249,64,120,224,38.24884792626728
244,64,138,236,37.48079877112135
243,66,170,222,37.327188940092164
263,65,134,226,40.39938556067588
244,63,117,227,37.48079877112135
256,64,135,223,39.324116743471585
262,67,180,231,40.2457757296467
230,60,130,213,35.33026113671275
234,60,132,215,35.944700460829495
251,66,190,258,38.556067588325654
242,67,185,250,37.173579109062985
233,64,169,232,35.79109062980031
246,66,140,217,37.78801843317972
243,65,122,229,37.327188940092164
263,60,170,219,40.39938556067588
254,64,159,248,39.01689708141321
267,67,186,230,41.013824884792626
244,61,140,213,37.48079877112135
230,60,114,213,35.33026113671275
260,65,158,237,39.93855606758833
262,65,175,252,40.2457757296467
230,62,108,202,35.33026113671275
246,63,172,251,37.78801843317972
256,66,200,238,39.324116743471585
257,69,133,220,39.47772657450077
239,60,164,225,36.712749615975426
272,67,210,261,41.78187403993856
248,64,140,228,38.095238095238095
237,61,155,212,36.40552995391705
238,62,135,216,36.55913978494624
253,65,131,222,38.863287250384026
236,64,115,217,36.25192012288787
263,64,138,216,40.39938556067588
259,67,198,244,39.78494623655914
252,63,183,234,38.70967741935484
266,66,189,249,40.86021505376344
256,63,148,223,39.324116743471585
244,64,119,215,37.48079877112135
240,64,156,236,36.86635944700461
242,62,116,208,37.173579109062985
239,64,160,210,36.712749615975426
235,66,130,231,36.09831029185868
240,65,160,222,36.86635944700461
243,64,136,218,37.327188940092164
247,63,153,236,37.94162826420891
232,63,133,211,35.63748079877112
253,66,150,227,38.863287250384026
220,62,120,211,33.794162826420894
245,66,141,215,37.634408602150536
247,66,137,229,37.94162826420891
252,65,144,217,38.70967741935484
252,64,162,228,38.70967741935484
265,71,180,241,40.706605222734254
232,59,153,223,35.63748079877112
241,62,150,227,37.0199692780338
253,62,154,251,38.863287250384026
247,62,140,233,37.94162826420891
233,64,140,227,35.79109062980031
259,69,184,236,39.78494623655914
245,62,135,217,37.634408602150536
265,70,155,239,40.706605222734254
241,62,125,217,37.0199692780338
240,64,142,242,36.86635944700461
252,64,153,223,38.70967741935484
265,66,168,232,40.706605222734254
238,67,145,239,36.55913978494624
252,69,135,232,38.70967741935484
253,67,190,227,38.863287250384026
250,66,148,216,38.40245775729647
238,62,172,228,36.55913978494624
239,62,150,232,36.712749615975426
249,62,115,218,38.24884792626728
237,60,120,219,36.40552995391705
241,65,204,227,37.0199692780338
252,65,195,247,38.70967741935484
251,67,170,218,38.556067588325654
243,62,161,225,37.327188940092164
265,65,167,239,40.706605222734254
260,67,170,227,39.93855606758833
248,64,165,240,38.095238095238095
258,66,140,242,39.63133640552996
244,64,130,223,37.48079877112135
246,66,164,225,37.78801843317972
243,62,175,231,37.327188940092164
265,66,200,245,40.706605222734254
249,61,128,220,38.24884792626728
248,65,137,216,38.095238095238095
238,67,158,216,36.55913978494624
265,71,175,227,40.706605222734254
245,61,135,233,37.634408602150536
252,67,170,236,38.70967741935484
241,63,136,220,37.0199692780338
275,60,190,248,42.242703533026116
254,65,148,235,39.01689708141321
248,68,145,231,38.095238095238095
246,62,142,226,37.78801843317972
244,65,138,214,37.48079877112135
258,66,149,224,39.63133640552996
258,63,157,235,39.63133640552996
260,67,217,233,39.93855606758833
259,68,210,235,39.78494623655914
244,62,108,216,37.48079877112135
230,62,121,208,35.33026113671275
257,66,143,218,39.47772657450077
257,65,112,211,39.47772657450077
240,62,143,222,36.86635944700461
235,60,128,211,36.09831029185868
247,64,147,230,37.94162826420891
250,65,145,232,38.40245775729647
251,65,130,223,38.556067588325654
265,65,200,246,40.706605222734254
233,63,135,219,35.79109062980031
241,65,155,230,37.0199692780338
239,63,130,220,36.712749615975426
256,63,160,233,39.324116743471585
240,60,125,225,36.86635944700461
238,62,150,219,36.55913978494624
255,63,154,226,39.1705069124424
242,64,165,224,37.173579109062985
238,67,165,230,36.55913978494624
250,64,130,239,38.40245775729647
240,65,135,225,36.86635944700461
274,73,200,232,42.08909370199693
255,64,110,226,39.1705069124424
261,67,150,223,40.092165898617516
226,61,123,224,34.715821812596005
259,67,133,239,39.78494623655914
273,66,154,238,41.935483870967744
236,63,130,227,36.25192012288787
241,65,127,225,37.0199692780338
245,62,185,216,37.634408602150536
248,66,130,225,38.095238095238095
256,66,147,233,39.324116743471585
234,63,150,243,35.944700460829495
226,62,106,212,34.715821812596005
270,67,158,238,41.474654377880185
241,63,116,223,37.0199692780338
246,63,140,230,37.78801843317972
250,67,177,243,38.40245775729647
265,68,155,239,40.706605222734254
243,69,134,219,37.327188940092164
241,63,120,218,37.0199692780338
245,64,145,230,37.634408602150536
256,66,170,236,39.324116743471585
250,63,129,220,38.40245775729647
226,62,110,235,34.715821812596005
252,64,160,232,38.70967741935484
246,64,145,222,37.78801843317972
236,64,140,225,36.25192012288787
237,62,124,214,36.40552995391705
238,60,122,212,36.55913978494624
260,64,148,232,39.93855606758833
242,64,127,218,37.173579109062985
254,66,174,257,39.01689708141321
255,62,140,236,39.1705069124424
242,64,160,228,37.173579109062985
265,69,174,237,40.706605222734254
240,63,140,218,36.86635944700461
219,62,138,236,33.64055299539171
249,65,153,240,38.24884792626728
236,62,130,221,36.25192012288787
240,63,130,232,36.86635944700461
253,68,150,229,38.863287250384026
238,65,125,227,36.55913978494624
245,64,138,228,37.634408602150536
239,64,138,224,36.712749615975426
257,66,145,255,39.47772657450077
241,67,130,221,37.0199692780338
265,67,144,247,40.706605222734254
253,65,158,237,38.863287250384026
230,63,140,220,35.33026113671275
250,63,140,240,38.40245775729647
228,57,100,206,35.02304147465438
250,61,141,236,38.40245775729647
222,59,130,210,34.10138248847927
244,64,166,224,37.48079877112135
243,68,147,224,37.327188940092164
239,64,137,223,36.712749615975426
233,59,115,244,35.79109062980031
239,63,132,220,36.712749615975426
214,57,110,212,32.87250384024578
241,61,115,215,37.0199692780338
228,60,116,219,35.02304147465438
246,64,124,215,37.78801843317972
241,64,150,215,37.0199692780338
252,65,145,221,38.70967741935484
240,61,174,235,36.86635944700461
223,62,122,214,34.25499231950845
274,70,170,242,42.08909370199693
247,64,147,234,37.94162826420891
247,64,118,218,37.94162826420891
257,67,169,240,39.47772657450077
228,61,110,208,35.02304147465438
252,67,130,228,38.70967741935484
237,65,120,212,36.40552995391705
251,65,120,230,38.556067588325654
238,61,130,214,36.55913978494624
237,62,135,229,36.40552995391705
243,66,154,221,37.327188940092164
267,70,188,244,41.013824884792626
244,64,130,226,37.48079877112135
247,64,140,231,37.94162826420891
260,67,138,245,39.93855606758833
242,61,116,232,37.173579109062985
244,77,112,206,37.48079877112135
215,60,115,208,33.02611367127496
228,60,128,235,35.02304147465438
252,64,158,245,38.70967741935484
243,66,125,216,37.327188940092164
245,66,174,234,37.634408602150536
238,62,138,232,36.55913978494624
262,67,153,220,40.2457757296467
240,66,153,222,36.86635944700461
233,62,127,213,35.79109062980031
235,64,139,233,36.09831029185868
248,64,135,233,38.095238095238095
254,67,175,234,39.01689708141321
236,63,124,208,36.25192012288787
256,69,120,216,39.324116743471585
225,61,127,214,34.56221198156682
240,63,129,220,36.86635944700461
233,61,138,219,35.79109062980031
234,63,128,232,35.944700460829495
243,64,185,236,37.327188940092164
258,72,170,224,39.63133640552996
264,68,168,237,40.55299539170507
240,64,145,213,36.86635944700461
265,68,194,230,40.706605222734254
243,65,145,238,37.327188940092164
239,59,127,196,36.712749615975426
248,66,147,237,38.095238095238095
240,64,140,233,36.86635944700461
242,63,148,222,37.173579109062985
248,64,161,228,38.095238095238095
246,66,127,218,37.78801843317972
248,60,165,245,38.095238095238095
245,64,138,225,37.634408602150536
238,61,106,207,36.55913978494624
253,64,155,229,38.863287250384026
252,67,144,215,38.70967741935484
252,66,175,253,38.70967741935484
228,60,127,207,35.02304147465438
243,65,140,238,37.327188940092164
242,62,160,241,37.173579109062985
236,64,130,222,36.25192012288787
261,66,190,240,40.092165898617516
240,62,147,240,36.86635944700461
243,62,109,220,37.327188940092164
225,62,125,225,34.56221198156682
213,61,130,206,32.71889400921659
238,62,137,221,36.55913978494624
268,65,152,230,41.16743471582181
236,63,126,237,36.25192012288787
259,70,140,232,39.78494623655914
242,63,132,237,37.173579109062985
254,70,164,236,39.01689708141321
242,66,148,215,37.173579109062985
229,61,140,219,35.17665130568356
243,63,155,228,37.327188940092164
246,62,119,220,37.78801843317972
252,62,130,221,38.70967741935484
259,66,145,225,39.78494623655914
245,65,140,239,37.634408602150536
238,61,140,235,36.55913978494624
240,63,100,220,36.86635944700461
253,68,140,217,38.863287250384026
231,64,132,218,35.483870967741936
250,64,123,208,38.40245775729647
267,68,260,261,41.013824884792626
243,66,170,238,37.327188940092164
220,61,102,208,33.794162826420894
250,64,115,223,38.40245775729647
225,59,95,197,34.56221198156682
259,66,152,247,39.78494623655914
276,70,165,223,42.3963133640553
231,63,139,222,35.483870967741936
234,63,125,216,35.944700460829495
274,68,195,251,42.08909370199693
265,67,167,229,40.706605222734254
263,64,165,232,40.39938556067588
242,67,135,238,37.173579109062985
229,62,120,216,35.17665130568356
251,66,165,215,38.556067588325654
248,66,120,240,38.095238095238095
251,65,154,229,38.556067588325654
233,63,124,215,35.79109062980031
257,66,165,233,39.47772657450077
262,67,165,242,40.2457757296467
237,68,150,231,36.40552995391705
247,65,140,226,37.94162826420891
238,64,170,240,36.55913978494624
253,65,200,240,38.863287250384026
225,66,115,211,34.56221198156682
245,61,170,226,37.634408602150536
245,66,145,230,37.634408602150536
234,62,120,205,35.944700460829495
234,60,140,220,35.944700460829495
268,70,180,235,41.16743471582181
225,61,132,212,34.56221198156682
249,63,147,231,38.24884792626728
245,63,170,221,37.634408602150536
233,64,165,224,35.79109062980031
216,62,140,206,33.17972350230415
237,66,135,225,36.40552995391705
255,75,175,244,39.1705069124424
255,63,150,215,39.1705069124424
250,67,150,235,38.40245775729647
244,67,130,218,37.48079877112135
241,62,139,234,37.0199692780338
250,64,190,220,38.40245775729647
251,65,115,220,38.556067588325654
245,67,148,239,37.634408602150536
240,60,108,227,36.86635944700461
238,62,118,218,36.55913978494624
266,70,190,233,40.86021505376344
286,70,175,248,43.93241167434716
245,63,140,230,37.634408602150536
238,64,143,225,36.55913978494624
236,66,145,220,36.25192012288787
247,63,147,216,37.94162826420891
265,71,208,240,40.706605222734254
219,62,134,211,33.64055299539171
246,67,135,232,37.78801843317972
265,66,175,240,40.706605222734254
256,67,150,250,39.324116743471585
228,62,110,203,35.02304147465438
250,62,149,235,38.40245775729647
235,60,140,235,36.09831029185868
241,63,161,230,37.0199692780338
252,64,140,226,38.70967741935484
247,65,145,245,37.94162826420891
221,61,115,210,33.94777265745008
255,67,137,210,39.1705069124424
246,65,157,215,37.78801843317972
257,68,145,226,39.47772657450077
250,68,147,229,38.40245775729647
230,62,185,225,35.33026113671275
242,67,182,224,37.173579109062985
255,69,227,229,39.1705069124424
256,66,200,251,39.324116743471585
222,59,135,206,34.10138248847927
236,63,168,218,36.25192012288787
253,70,170,235,38.863287250384026
250,63,175,232,38.40245775729647
276,73,211,220,42.3963133640553
244,67,190,232,37.48079877112135
248,67,155,220,38.095238095238095
259,68,183,242,39.78494623655914
269,67,175,239,41.321044546851
260,67,180,238,39.93855606758833
250,77,127,235,38.40245775729647
259,67,164,244,39.78494623655914
268,68,139,208,41.16743471582181
236,64,137,215,36.25192012288787
261,65,180,226,40.092165898617516
249,65,135,209,38.24884792626728
243,64,130,212,37.327188940092164
261,64,145,234,40.092165898617516
246,66,137,219,37.78801843317972
249,68,145,238,38.24884792626728
241,62,136,213,37.0199692780338
249,62,154,220,38.24884792626728
244,65,135,224,37.48079877112135
251,66,170,237,38.556067588325654
255,64,170,226,39.1705069124424
245,66,160,223,37.634408602150536
265,70,197,236,40.706605222734254
253,67,175,237,38.863287250384026
232,64,150,218,35.63748079877112
262,69,165,236,40.2457757296467
234,62,128,233,35.944700460829495
252,64,174,251,38.70967741935484
254,65,180,227,39.01689708141321
269,67,175,246,41.321044546851
226,59,124,209,34.715821812596005
257,65,117,239,39.47772657450077
265,66,152,235,40.706605222734254
226,62,115,214,34.715821812596005
223,64,135,223,34.25499231950845
245,68,140,245,37.634408602150536
250,66,180,234,38.40245775729647
242,64,145,234,37.173579109062985
253,66,158,233,38.863287250384026
266,69,210,238,40.86021505376344
230,62,100,195,35.33026113671275
245,63,110,218,37.634408602150536
257,66,124,210,39.47772657450077
229,58,116,211,35.17665130568356
263,68,153,232,40.39938556067588
250,67,150,230,38.40245775729647
250,66,121,221,38.40245775729647
249,70,175,237,38.24884792626728
275,68,170,244,42.242703533026116
272,66,203,243,41.78187403993856
242,63,212,238,37.173579109062985
261,64,176,246,40.092165898617516
246,62,156,220,37.78801843317972
233,64,155,227,35.79109062980031
252,70,145,231,38.70967741935484
244,67,165,223,37.48079877112135
239,64,140,217,36.712749615975426
223,62,112,214,34.25499231950845
232,63,120,222,35.63748079877112
240,64,122,231,36.86635944700461
239,60,127,223,36.712749615975426
234,65,145,225,35.944700460829495
245,65,135,225,37.634408602150536
256,64,140,234,39.324116743471585
233,65,143,241,35.79109062980031
226,63,118,209,34.715821812596005
256,66,165,237,39.324116743471585
245,66,140,231,37.634408602150536
244,64,140,225,37.48079877112135
240,63,132,223,36.86635944700461
240,63,120,227,36.86635944700461
236,63,125,238,36.25192012288787
240,63,145,226,36.86635944700461
238,64,120,225,36.55913978494624
250,61,185,249,38.40245775729647
252,66,142,223,38.70967741935484
234,60,130,203,35.944700460829495
252,64,153,243,38.70967741935484
241,63,154,224,37.0199692780338
248,65,124,219,38.095238095238095
221,60,110,207,33.94777265745008
245,62,126,225,37.634408602150536
243,69,165,232,37.327188940092164
256,69,193,231,39.324116743471585
257,69,137,228,39.47772657450077
233,66,130,206,35.79109062980031
251,67,128,220,38.556067588325654
250,67,140,213,38.40245775729647
264,71,155,231,40.55299539170507
247,64,160,232,37.94162826420891
255,66,155,231,39.1705069124424
238,62,149,222,36.55913978494624
245,64,145,218,37.634408602150536
240,66,174,246,36.86635944700461
245,62,135,218,37.634408602150536
242,66,160,233,37.173579109062985
228,62,156,217,35.02304147465438
259,68,158,252,39.78494623655914
235,61,132,222,36.09831029185868
273,70,179,241,41.935483870967744
248,64,165,219,38.095238095238095
255,62,138,221,39.1705069124424
243,64,130,226,37.327188940092164
254,65,128,223,39.01689708141321
255,68,185,229,39.1705069124424
279,61,206,251,42.85714285714286
226,61,126,218,34.715821812596005
261,67,120,224,40.092165898617516
245,64,116,227,37.634408602150536
258,66,133,235,39.63133640552996
252,67,189,235,38.70967741935484
250,69,180,225,38.40245775729647
262,69,155,234,40.2457757296467
258,68,157,231,39.63133640552996
261,68,135,235,40.092165898617516
242,62,171,229,37.173579109062985
223,60,98,209,34.25499231950845
253,63,108,228,38.863287250384026
243,62,130,231,37.327188940092164
241,65,165,231,37.0199692780338
257,67,169,232,39.47772657450077
249,64,138,225,38.24884792626728
256,62,142,220,39.324116743471585
243,66,155,224,37.327188940092164
250,68,155,224,38.40245775729647
251,69,157,239,38.556067588325654
263,66,143,223,40.39938556067588
273,60,190,251,41.935483870967744
222,59,160,210,34.10138248847927
237,62,152,237,36.40552995391705
246,62,140,224,37.78801843317972
229,64,140,212,35.17665130568356
235,64,125,228,36.09831029185868
255,67,242,238,39.1705069124424
248,67,162,230,38.095238095238095
245,64,155,218,37.634408602150536
239,66,130,229,36.712749615975426
259,69,185,237,39.78494623655914
233,63,129,208,35.79109062980031
235,61,145,222,36.09831029185868
229,62,134,216,35.17665130568356
267,69,143,244,41.013824884792626
247,62,138,229,37.94162826420891
238,65,136,230,36.55913978494624
224,64,130,214,34.40860215053763
232,61,103,218,35.63748079877112
253,66,150,227,38.863287250384026
266,68,176,263,40.86021505376344
236,60,133,202,36.25192012288787
233,62,138,221,35.79109062980031
243,62,152,221,37.327188940092164
232,61,103,211,35.63748079877112
229,62,155,216,35.17665130568356
247,64,118,238,37.94162826420891
245,64,123,232,37.634408602150536
228,60,128,225,35.02304147465438
271,71,175,220,41.62826420890937
244,64,111,212,37.48079877112135
239,64,112,215,36.712749615975426
260,67,167,227,39.93855606758833
246,70,153,230,37.78801843317972
250,66,120,224,38.40245775729647
251,64,145,232,38.556067588325654
250,67,140,229,38.40245775729647
246,66,145,222,37.78801843317972
243,65,150,236,37.327188940092164
251,65,176,217,38.556067588325654
231,63,142,229,35.483870967741936
273,68,200,228,41.935483870967744
241,63,135,232,37.0199692780338
238,64,114,211,36.55913978494624
228,67,148,236,35.02304147465438
248,69,170,233,38.095238095238095
252,61,143,230,38.70967741935484
246,66,200,227,37.78801843317972
247,67,146,239,37.94162826420891
234,59,101,220,35.944700460829495
240,64,138,217,36.86635944700461
248,70,125,217,38.095238095238095
241,64,114,227,37.0199692780338
274,67,162,260,42.08909370199693
233,61,135,223,35.79109062980031
252,70,148,228,38.70967741935484
254,68,193,229,39.01689708141321
240,63,135,202,36.86635944700461
240,63,138,214,36.86635944700461
234,60,150,227,35.944700460829495
231,63,118,203,35.483870967741936
231,59,102,197,35.483870967741936
249,68,179,239,38.24884792626728
255,62,139,235,39.1705069124424
243,63,126,239,37.327188940092164
226,62,122,213,34.715821812596005
236,63,150,214,36.25192012288787
257,66,165,248,39.47772657450077
226,58,136,232,34.715821812596005
253,66,219,247,38.863287250384026
239,63,130,209,36.712749615975426
224,64,155,210,34.40860215053763
239,62,115,219,36.712749615975426
230,62,122,206,35.33026113671275
244,60,130,231,37.48079877112135
245,64,140,232,37.634408602150536
248,67,123,227,38.095238095238095
241,64,160,243,37.0199692780338
235,62,130,219,36.09831029185868
272,70,180,250,41.78187403993856
240,65,134,208,36.86635944700461
241,64,152,217,37.0199692780338
265,70,145,232,40.706605222734254
233,62,135,212,35.79109062980031
235,66,153,211,36.09831029185868
256,66,148,240,39.324116743471585
237,64,118,219,36.40552995391705
235,64,133,226,36.09831029185868
252,65,161,212,38.70967741935484
235,64,128,220,36.09831029185868
247,65,153,243,37.94162826420891
258,64,166,235,39.63133640552996
249,66,161,236,38.24884792626728
239,64,154,217,36.712749615975426
240,64,114,212,36.86635944700461
261,69,155,240,40.092165898617516
251,62,132,218,38.556067588325654
265,70,230,245,40.706605222734254
259,66,204,221,39.78494623655914
250,63,165,231,38.40245775729647
238,65,190,241,36.55913978494624
258,63,168,232,39.63133640552996
229,61,110,205,35.17665130568356
266,67,140,237,40.86021505376344
241,66,155,224,37.0199692780338
238,65,185,230,36.55913978494624
255,66,145,225,39.1705069124424
238,64,170,229,36.55913978494624
261,67,165,231,40.092165898617516
252,66,170,241,38.70967741935484
227,63,153,222,34.86943164362519
242,66,155,220,37.173579109062985
262,65,203,253,40.2457757296467
249,62,184,215,38.24884792626728
225,59,126,207,34.56221198156682
255,69,140,222,39.1705069124424
255,68,190,248,39.1705069124424
237,64,135,214,36.40552995391705
245,67,128,235,37.634408602150536
233,62,156,221,35.79109062980031
245,62,130,224,37.634408602150536
249,68,156,230,38.24884792626728
254,67,149,245,39.01689708141321
237,60,129,215,36.40552995391705
240,63,180,229,36.86635944700461
262,66,190,226,40.2457757296467
252,69,200,234,38.70967741935484
266,66,142,217,40.86021505376344
243,65,164,224,37.327188940092164
265,67,160,236,40.706605222734254
244,62,135,222,37.48079877112135
252,62,150,229,38.70967741935484
225,61,148,211,34.56221198156682
240,64,170,226,36.86635944700461
226,60,135,213,34.715821812596005
269,70,155,232,41.321044546851
237,62,116,219,36.40552995391705
260,70,170,225,39.93855606758833
260,64,160,219,39.93855606758833
255,64,163,235,39.1705069124424
266,70,197,237,40.86021505376344
258,67,173,230,39.63133640552996
236,62,138,219,36.25192012288787
273,72,195,234,41.935483870967744
274,70,215,254,42.08909370199693
233,64,147,215,35.79109062980031
233,62,128,209,35.79109062980031
231,63,150,221,35.483870967741936
239,63,170,226,36.712749615975426
235,62,116,215,36.09831029185868
245,64,142,221,37.634408602150536
247,64,172,214,37.94162826420891
238,64,159,201,36.55913978494624
247,67,138,216,37.94162826420891
242,66,170,225,37.173579109062985
243,60,158,224,37.327188940092164
263,69,198,261,40.39938556067588
231,62,143,230,35.483870967741936
249,67,148,221,38.24884792626728
258,68,128,234,39.63133640552996
245,68,150,228,37.634408602150536
253,65,169,223,38.863287250384026
235,62,141,227,36.09831029185868
232,64,140,222,35.63748079877112
222,61,105,206,34.10138248847927
247,63,124,204,37.94162826420891
253,68,166,218,38.863287250384026
259,67,180,252,39.78494623655914
245,63,150,236,37.634408602150536
249,66,168,234,38.24884792626728
226,63,133,213,34.715821812596005
239,66,132,236,36.712749615975426
